fold,period,location,baseline,n_days,delta_mae_mw,ci95_lower_mw,ci95_upper_mw,block_days,resamples
rolling_2024,available_test,General Santos City,previous_day,366,-0.01955694,-0.02398146,-0.01525745,7,2000
rolling_2024,available_test,General Santos City,training_climatology,366,-0.01887471,-0.02749182,-0.01124360,7,2000
rolling_2024,available_test,"Laoag, Ilocos Norte",previous_day,366,-0.03397121,-0.04591351,-0.02296075,7,2000
rolling_2024,available_test,"Laoag, Ilocos Norte",training_climatology,366,-0.05934305,-0.07196470,-0.04677315,7,2000
rolling_2024,available_test,"Mactan, Cebu",previous_day,366,-0.01761629,-0.02280485,-0.01274600,7,2000
rolling_2024,available_test,"Mactan, Cebu",training_climatology,366,-0.04309557,-0.05840710,-0.03092145,7,2000
rolling_2024,jan_sep,General Santos City,previous_day,274,-0.02199725,-0.02765609,-0.01667628,7,2000
rolling_2024,jan_sep,General Santos City,training_climatology,274,-0.01968200,-0.02956213,-0.01061229,7,2000
rolling_2024,jan_sep,"Laoag, Ilocos Norte",previous_day,274,-0.02499570,-0.03684793,-0.01290325,7,2000
rolling_2024,jan_sep,"Laoag, Ilocos Norte",training_climatology,274,-0.05320859,-0.06969192,-0.03881117,7,2000
rolling_2024,jan_sep,"Mactan, Cebu",previous_day,274,-0.01772300,-0.02345485,-0.01210833,7,2000
rolling_2024,jan_sep,"Mactan, Cebu",training_climatology,274,-0.03848897,-0.05575778,-0.02431915,7,2000
rolling_2024,matched_2026_calendar,General Santos City,previous_day,181,-0.02700326,-0.03490748,-0.01983018,7,2000
rolling_2024,matched_2026_calendar,General Santos City,training_climatology,181,-0.02606020,-0.03768956,-0.01546175,7,2000
rolling_2024,matched_2026_calendar,"Laoag, Ilocos Norte",previous_day,181,-0.02572032,-0.04205461,-0.00951602,7,2000
rolling_2024,matched_2026_calendar,"Laoag, Ilocos Norte",training_climatology,181,-0.05285171,-0.07017056,-0.03569844,7,2000
rolling_2024,matched_2026_calendar,"Mactan, Cebu",previous_day,181,-0.01597483,-0.02320580,-0.00865238,7,2000
rolling_2024,matched_2026_calendar,"Mactan, Cebu",training_climatology,181,-0.02902695,-0.04608223,-0.01548885,7,2000
rolling_2025,available_test,General Santos City,previous_day,365,-0.01827039,-0.02229118,-0.01437174,7,2000
rolling_2025,available_test,General Santos City,training_climatology,365,-0.01246569,-0.01802760,-0.00717930,7,2000
rolling_2025,available_test,"Laoag, Ilocos Norte",previous_day,365,-0.04486853,-0.05653138,-0.03430464,7,2000
rolling_2025,available_test,"Laoag, Ilocos Norte",training_climatology,365,-0.07319828,-0.09624609,-0.05387551,7,2000
rolling_2025,available_test,"Mactan, Cebu",previous_day,365,-0.02963864,-0.03658663,-0.02356066,7,2000
rolling_2025,available_test,"Mactan, Cebu",training_climatology,365,-0.03266483,-0.04316769,-0.02354871,7,2000
rolling_2025,jan_sep,General Santos City,previous_day,273,-0.01837411,-0.02228508,-0.01466174,7,2000
rolling_2025,jan_sep,General Santos City,training_climatology,273,-0.01245293,-0.01798863,-0.00717334,7,2000
rolling_2025,jan_sep,"Laoag, Ilocos Norte",previous_day,273,-0.04228430,-0.05625213,-0.03022804,7,2000
rolling_2025,jan_sep,"Laoag, Ilocos Norte",training_climatology,273,-0.07033195,-0.09878182,-0.04532586,7,2000
rolling_2025,jan_sep,"Mactan, Cebu",previous_day,273,-0.02729707,-0.03609487,-0.02051631,7,2000
rolling_2025,jan_sep,"Mactan, Cebu",training_climatology,273,-0.03470413,-0.04766898,-0.02352428,7,2000
rolling_2025,matched_2026_calendar,General Santos City,previous_day,181,-0.01872576,-0.02371474,-0.01410538,7,2000
rolling_2025,matched_2026_calendar,General Santos City,training_climatology,181,-0.01356975,-0.02174551,-0.00599010,7,2000
rolling_2025,matched_2026_calendar,"Laoag, Ilocos Norte",previous_day,181,-0.04443865,-0.06083279,-0.02870398,7,2000
rolling_2025,matched_2026_calendar,"Laoag, Ilocos Norte",training_climatology,181,-0.06867098,-0.09123965,-0.04713810,7,2000
rolling_2025,matched_2026_calendar,"Mactan, Cebu",previous_day,181,-0.02400772,-0.03074932,-0.01820813,7,2000
rolling_2025,matched_2026_calendar,"Mactan, Cebu",training_climatology,181,-0.03041190,-0.04466492,-0.01761884,7,2000
rolling_2026,available_test,General Santos City,previous_day,181,-0.01132451,-0.01590898,-0.00695275,7,2000
rolling_2026,available_test,General Santos City,training_climatology,181,-0.01344263,-0.01930742,-0.00810526,7,2000
rolling_2026,available_test,"Laoag, Ilocos Norte",previous_day,181,-0.03923851,-0.05706319,-0.02410041,7,2000
rolling_2026,available_test,"Laoag, Ilocos Norte",training_climatology,181,-0.06544566,-0.08919097,-0.04325439,7,2000
rolling_2026,available_test,"Mactan, Cebu",previous_day,181,-0.03033578,-0.04011438,-0.02108645,7,2000
rolling_2026,available_test,"Mactan, Cebu",training_climatology,181,-0.03951840,-0.05417946,-0.02616083,7,2000
rolling_2026,matched_2026_calendar,General Santos City,previous_day,181,-0.01132451,-0.01590898,-0.00695275,7,2000
rolling_2026,matched_2026_calendar,General Santos City,training_climatology,181,-0.01344263,-0.01930742,-0.00810526,7,2000
rolling_2026,matched_2026_calendar,"Laoag, Ilocos Norte",previous_day,181,-0.03923851,-0.05706319,-0.02410041,7,2000
rolling_2026,matched_2026_calendar,"Laoag, Ilocos Norte",training_climatology,181,-0.06544566,-0.08919097,-0.04325439,7,2000
rolling_2026,matched_2026_calendar,"Mactan, Cebu",previous_day,181,-0.03033578,-0.04011438,-0.02108645,7,2000
rolling_2026,matched_2026_calendar,"Mactan, Cebu",training_climatology,181,-0.03951840,-0.05417946,-0.02616083,7,2000
recent_2026,available_test,General Santos City,previous_day,181,-0.01252483,-0.01739063,-0.00776980,7,2000
recent_2026,available_test,General Santos City,training_climatology,181,-0.01226238,-0.01710422,-0.00766157,7,2000
recent_2026,available_test,"Laoag, Ilocos Norte",previous_day,181,-0.04012424,-0.05858144,-0.02448356,7,2000
recent_2026,available_test,"Laoag, Ilocos Norte",training_climatology,181,-0.06624616,-0.08870719,-0.04509076,7,2000
recent_2026,available_test,"Mactan, Cebu",previous_day,181,-0.02960614,-0.04065998,-0.01953956,7,2000
recent_2026,available_test,"Mactan, Cebu",training_climatology,181,-0.03807777,-0.05302408,-0.02464130,7,2000
recent_2026,matched_2026_calendar,General Santos City,previous_day,181,-0.01252483,-0.01739063,-0.00776980,7,2000
recent_2026,matched_2026_calendar,General Santos City,training_climatology,181,-0.01226238,-0.01710422,-0.00766157,7,2000
recent_2026,matched_2026_calendar,"Laoag, Ilocos Norte",previous_day,181,-0.04012424,-0.05858144,-0.02448356,7,2000
recent_2026,matched_2026_calendar,"Laoag, Ilocos Norte",training_climatology,181,-0.06624616,-0.08870719,-0.04509076,7,2000
recent_2026,matched_2026_calendar,"Mactan, Cebu",previous_day,181,-0.02960614,-0.04065998,-0.01953956,7,2000
recent_2026,matched_2026_calendar,"Mactan, Cebu",training_climatology,181,-0.03807777,-0.05302408,-0.02464130,7,2000
