location,model,hours,actual_grid_import_mwh,planned_grid_import_mwh,extra_grid_mwh,unused_grid_plan_mwh,total_grid_adjustment_mwh,mean_hourly_grid_adjustment_mwh,battery_capacity_mwh,fold
General Santos City,previous_day,8784,1929.05113600,1925.72008475,278.50200527,275.17095401,553.67295928,0.06303199,2.00000000,rolling_2024
General Santos City,training_climatology,8784,1929.05113600,2089.02413092,207.71998061,367.69297552,575.41295613,0.06550694,2.00000000,rolling_2024
General Santos City,xgboost,8784,1929.05113600,1931.09616143,211.41955488,213.46458031,424.88413519,0.04837023,2.00000000,rolling_2024
"Laoag, Ilocos Norte",previous_day,8784,1200.09570962,1195.00170182,278.77975789,273.68575009,552.46550798,0.06289453,2.00000000,rolling_2024
"Laoag, Ilocos Norte",training_climatology,8784,1200.09570962,654.52694500,635.02618864,89.45742402,724.48361266,0.08247764,2.00000000,rolling_2024
"Laoag, Ilocos Norte",xgboost,8784,1200.09570962,1051.43472292,304.91894081,156.25795411,461.17689492,0.05250192,2.00000000,rolling_2024
"Mactan, Cebu",previous_day,8784,1312.23620300,1310.58104313,263.52391705,261.86875718,525.39267423,0.05981246,2.00000000,rolling_2024
"Mactan, Cebu",training_climatology,8784,1312.23620300,1218.11041714,388.66891580,294.54312993,683.21204573,0.07777915,2.00000000,rolling_2024
"Mactan, Cebu",xgboost,8784,1312.23620300,1271.07302503,237.86101712,196.69783915,434.55885627,0.04947164,2.00000000,rolling_2024
General Santos City,previous_day,8760,2152.95317669,2154.57633536,300.43721165,302.06037032,602.49758197,0.06877826,2.00000000,rolling_2025
General Santos City,training_climatology,8760,2152.95317669,2034.64101452,343.38204993,225.06988777,568.45193770,0.06489177,2.00000000,rolling_2025
General Santos City,xgboost,8760,2152.95317669,2071.38806143,269.62265258,188.05753732,457.68018990,0.05224660,2.00000000,rolling_2025
"Laoag, Ilocos Norte",previous_day,8760,1115.83370511,1103.62670074,297.33688623,285.12988185,582.46676808,0.06649164,2.00000000,rolling_2025
"Laoag, Ilocos Norte",training_climatology,8760,1115.83370511,677.09713273,567.41338489,128.67681251,696.09019740,0.07946235,2.00000000,rolling_2025
"Laoag, Ilocos Norte",xgboost,8760,1115.83370511,993.08730594,300.81006812,178.06366896,478.87373708,0.05466595,2.00000000,rolling_2025
"Mactan, Cebu",previous_day,8760,1480.83322483,1483.64640638,331.54056377,334.35374532,665.89430909,0.07601533,2.00000000,rolling_2025
"Mactan, Cebu",training_climatology,8760,1480.83322483,1185.43135259,512.73067366,217.32880142,730.05947507,0.08334012,2.00000000,rolling_2025
"Mactan, Cebu",xgboost,8760,1480.83322483,1399.81154726,294.33775197,213.31607440,507.65382637,0.05795135,2.00000000,rolling_2025
General Santos City,previous_day,4344,1049.51180021,1048.69316144,120.55678014,119.73814138,240.29492152,0.05531651,2.00000000,rolling_2026
General Santos City,training_climatology,4344,1049.51180021,965.75035045,169.47832984,85.71688008,255.19520992,0.05874660,2.00000000,rolling_2026
General Santos City,xgboost,4344,1049.51180021,1020.16286687,113.02268806,83.67375472,196.69644278,0.04528003,2.00000000,rolling_2026
"Laoag, Ilocos Norte",previous_day,4344,537.72014571,538.67889173,108.13432793,109.09307396,217.22740189,0.05000631,2.00000000,rolling_2026
"Laoag, Ilocos Norte",training_climatology,4344,537.72014571,384.17672945,234.99294060,81.44952434,316.44246494,0.07284587,2.00000000,rolling_2026
"Laoag, Ilocos Norte",xgboost,4344,537.72014571,499.14209274,111.01383148,72.43577851,183.44960999,0.04223057,2.00000000,rolling_2026
"Mactan, Cebu",previous_day,4344,620.02563570,619.46173996,147.08137750,146.51748176,293.59885927,0.06758721,2.00000000,rolling_2026
"Mactan, Cebu",training_climatology,4344,620.02563570,473.64275592,237.59883321,91.21595343,328.81478665,0.07569401,2.00000000,rolling_2026
"Mactan, Cebu",xgboost,4344,620.02563570,579.75076329,129.87384949,89.59897709,219.47282658,0.05052321,2.00000000,rolling_2026
General Santos City,previous_day,4344,1049.51180021,1048.69316144,120.55678014,119.73814138,240.29492152,0.05531651,2.00000000,recent_2026
General Santos City,training_climatology,4344,1049.51180021,992.08108163,152.11609881,94.68538022,246.80147903,0.05681434,2.00000000,recent_2026
General Santos City,xgboost,4344,1049.51180021,1035.66692907,103.78453092,89.93965978,193.72419071,0.04459581,2.00000000,recent_2026
"Laoag, Ilocos Norte",previous_day,4344,537.72014571,538.67889173,108.13432793,109.09307396,217.22740189,0.05000631,2.00000000,recent_2026
"Laoag, Ilocos Norte",training_climatology,4344,537.72014571,372.38139153,244.17312080,78.83436662,323.00748742,0.07435716,2.00000000,recent_2026
"Laoag, Ilocos Norte",xgboost,4344,537.72014571,503.65602341,107.32758730,73.26346501,180.59105231,0.04157253,2.00000000,recent_2026
"Mactan, Cebu",previous_day,4344,620.02563570,619.46173996,147.08137750,146.51748176,293.59885927,0.06758721,2.00000000,recent_2026
"Mactan, Cebu",training_climatology,4344,620.02563570,484.23637928,231.29597255,95.50671614,326.80268869,0.07523082,2.00000000,recent_2026
"Mactan, Cebu",xgboost,4344,620.02563570,593.28590814,124.63075002,97.89102245,222.52177247,0.05122509,2.00000000,recent_2026
