location,model,hours,actual_grid_import_mwh,planned_grid_import_mwh,extra_grid_mwh,unused_grid_plan_mwh,total_grid_adjustment_mwh,mean_hourly_grid_adjustment_mwh,battery_capacity_mwh
General Santos City,previous_day,8760,2152.953177,2154.576335,300.437212,302.060370,602.497582,0.068778,2.000000
General Santos City,training_climatology,8760,2152.953177,2034.641364,343.381808,225.069995,568.451803,0.064892,2.000000
General Santos City,xgboost,8760,2152.953177,2071.388124,269.622636,188.057584,457.680220,0.052247,2.000000
"Laoag, Ilocos Norte",previous_day,8760,1115.833705,1103.626701,297.336886,285.129882,582.466768,0.066492,2.000000
"Laoag, Ilocos Norte",training_climatology,8760,1115.833705,677.097024,567.413464,128.676783,696.090247,0.079462,2.000000
"Laoag, Ilocos Norte",xgboost,8760,1115.833705,993.087316,300.810047,178.063657,478.873704,0.054666,2.000000
"Mactan, Cebu",previous_day,8760,1480.833225,1483.646406,331.540564,334.353745,665.894309,0.076015,2.000000
"Mactan, Cebu",training_climatology,8760,1480.833225,1185.431237,512.730757,217.328769,730.059526,0.083340,2.000000
"Mactan, Cebu",xgboost,8760,1480.833225,1399.811556,294.337766,213.316097,507.653863,0.057951,2.000000
