location,load_scale,battery_capacity_mwh,battery_power_mw,demand_energy_5yr_mwh,renewable_direct_to_load_mwh,battery_discharge_to_load_mwh,renewable_origin_energy_served_mwh,renewable_demand_coverage_pct,grid_import_mwh,grid_reliance_pct,curtailed_renewable_mwh,hours_with_grid_import,initial_battery_energy_mwh,terminal_battery_energy_mwh
"Laoag, Ilocos Norte",0.500000,0.000000,0.000000,9728.775000,7393.723031,0.000000,7393.723031,75.998500,2335.051969,24.001500,10421.309393,15176,0.000000,0.000000
"Laoag, Ilocos Norte",0.500000,1.000000,1.000000,9728.775000,7393.723031,849.704669,8243.427700,84.732432,1485.347300,15.267568,9478.966269,10668,0.100000,0.900000
"Laoag, Ilocos Norte",0.500000,2.000000,1.000000,9728.775000,7393.723031,1505.401703,8899.124734,91.472202,829.650266,8.527798,8751.590054,7468,0.200000,1.800000
"Laoag, Ilocos Norte",0.500000,4.000000,1.000000,9728.775000,7393.723031,2039.435711,9433.158742,96.961424,295.616258,3.038576,8158.178411,2556,0.400000,3.600000
"Laoag, Ilocos Norte",1.000000,0.000000,0.000000,19457.550000,12730.469008,0.000000,12730.469008,65.426886,6727.080992,34.573114,5084.563416,24367,0.000000,0.000000
"Laoag, Ilocos Norte",1.000000,1.000000,1.000000,19457.550000,12730.469008,838.948459,13569.417467,69.738572,5888.132533,30.261428,4154.731095,19993,0.100000,0.337064
"Laoag, Ilocos Norte",1.000000,2.000000,1.000000,19457.550000,12730.469008,1109.638969,13840.107977,71.129757,5617.442023,28.870243,3854.797012,19077,0.200000,0.437064
"Laoag, Ilocos Norte",1.000000,4.000000,1.000000,19457.550000,12730.469008,1358.668085,14089.137093,72.409615,5368.412907,27.590385,3578.864473,18061,0.400000,0.637064
"Laoag, Ilocos Norte",1.500000,0.000000,0.000000,29186.325000,15606.052565,0.000000,15606.052565,53.470427,13580.272435,46.529573,2208.979859,34715,0.000000,0.000000
"Laoag, Ilocos Norte",1.500000,1.000000,1.000000,29186.325000,15606.052565,477.325620,16083.378185,55.105870,13102.946815,44.894130,1680.087205,32299,0.100000,0.100000
"Laoag, Ilocos Norte",1.500000,2.000000,1.000000,29186.325000,15606.052565,719.549164,16325.601729,55.935791,12860.723271,44.064209,1411.695467,31608,0.200000,0.200000
"Laoag, Ilocos Norte",1.500000,4.000000,1.000000,29186.325000,15606.052565,931.484944,16537.537509,56.661938,12648.787491,43.338062,1176.863578,30863,0.400000,0.400000
"Mactan, Cebu",0.500000,0.000000,0.000000,9728.775000,6978.004123,0.000000,6978.004123,71.725414,2750.770877,28.274586,6777.101830,18531,0.000000,0.000000
"Mactan, Cebu",0.500000,1.000000,1.000000,9728.775000,6978.004123,1069.655943,8047.660066,82.720179,1681.114934,17.279821,5591.887488,12096,0.100000,0.100000
"Mactan, Cebu",0.500000,2.000000,1.000000,9728.775000,6978.004123,1682.972348,8660.976471,89.024327,1067.798529,10.975673,4912.312524,8655,0.200000,0.200000
"Mactan, Cebu",0.500000,4.000000,1.000000,9728.775000,6978.004123,1952.195838,8930.199961,91.791618,798.575039,8.208382,4614.003949,6086,0.400000,0.400000
"Mactan, Cebu",1.000000,0.000000,0.000000,19457.550000,11122.138743,0.000000,11122.138743,57.161044,8335.411257,42.838956,2632.967210,30105,0.000000,0.000000
"Mactan, Cebu",1.000000,1.000000,1.000000,19457.550000,11122.138743,786.155044,11908.293787,61.201404,7549.256213,38.798596,1761.881288,26236,0.100000,0.100000
"Mactan, Cebu",1.000000,2.000000,1.000000,19457.550000,11122.138743,1152.653369,12274.792112,63.084983,7182.757888,36.915017,1355.788961,25208,0.200000,0.200000
"Mactan, Cebu",1.000000,4.000000,1.000000,19457.550000,11122.138743,1424.925751,12547.064494,64.484298,6910.485506,35.515702,1054.102112,23928,0.400000,0.400000
"Mactan, Cebu",1.500000,0.000000,0.000000,29186.325000,12943.594933,0.000000,12943.594933,44.348149,16242.730067,55.651851,811.511020,38904,0.000000,0.000000
"Mactan, Cebu",1.500000,1.000000,1.000000,29186.325000,12943.594933,312.740693,13256.335626,45.419681,15929.989374,54.580319,464.983936,37475,0.100000,0.100000
"Mactan, Cebu",1.500000,2.000000,1.000000,29186.325000,12943.594933,461.147074,13404.742007,45.928160,15781.582993,54.071840,300.544733,37164,0.200000,0.200000
"Mactan, Cebu",1.500000,4.000000,1.000000,29186.325000,12943.594933,582.995521,13526.590454,46.345645,15659.734546,53.654355,165.532603,36850,0.400000,0.400000
General Santos City,0.500000,0.000000,0.000000,9728.775000,5387.976849,0.000000,5387.976849,55.381863,4340.798151,44.618137,3939.727109,27099,0.000000,0.000000
General Santos City,0.500000,1.000000,1.000000,9728.775000,5387.976849,1245.740553,6633.717402,68.186564,3095.057598,31.813436,2559.405167,21188,0.100000,0.100000
General Santos City,0.500000,2.000000,1.000000,9728.775000,5387.976849,2177.020111,7564.996960,77.758988,2163.778040,22.241012,1527.516460,17099,0.200000,0.200000
General Santos City,0.500000,4.000000,1.000000,9728.775000,5387.976849,2690.538486,8078.515335,83.037333,1650.259665,16.962667,958.521031,12619,0.400000,0.400000
General Santos City,1.000000,0.000000,0.000000,19457.550000,8253.169843,0.000000,8253.169843,42.416285,11204.380157,57.583715,1074.534115,36059,0.000000,0.000000
General Santos City,1.000000,1.000000,1.000000,19457.550000,8253.169843,579.949381,8833.119224,45.396873,10624.430776,54.603127,431.930923,33283,0.100000,0.100000
General Santos City,1.000000,2.000000,1.000000,19457.550000,8253.169843,746.399359,8999.569202,46.252325,10457.980798,53.747675,247.498814,32934,0.200000,0.200000
General Santos City,1.000000,4.000000,1.000000,19457.550000,8253.169843,860.103605,9113.273448,46.836696,10344.276552,53.163304,121.510730,32550,0.400000,0.400000
General Santos City,1.500000,0.000000,0.000000,29186.325000,9123.380331,0.000000,9123.380331,31.259093,20062.944669,68.740907,204.323627,42514,0.000000,0.000000
General Santos City,1.500000,1.000000,1.000000,29186.325000,9123.380331,108.049383,9231.429714,31.629298,19954.895286,68.370702,84.601319,42055,0.100000,0.100000
General Santos City,1.500000,2.000000,1.000000,29186.325000,9123.380331,148.696345,9272.076676,31.768565,19914.248324,68.231435,39.563133,41992,0.200000,0.200000
General Santos City,1.500000,4.000000,1.000000,29186.325000,9123.380331,175.020926,9298.401257,31.858760,19887.923743,68.141240,10.394623,41940,0.400000,0.400000
